Workbook

Sheet 据点产出
A1: 名称 | B1: 原始(每小时) | C1: 实际(+20%)
A2: 难民暂居处 | B2: 24290 | C2: =B2*1.2 -> 29148
A3: 基建前站 | B3: 32480 | C3: =B3*1.2 -> 38976
A4: 重建指挥部 | B4: 42840 | C4: =B4*1.2 -> 51408

Sheet 商品产出
A1: 名称 | B1: 源矿(每分钟) | C1: 紫晶矿(每分钟) | D1: 蓝铁矿(每分钟) | E1: 产量(每分钟) | F1: 调度券价格
A2: 荞愈胶嚢 | B2: 0 | C2: 60 | D2: 0 | E2: 6 | F2: 10
A3: 柑实罐头 | B3: 0 | C3: 60 | D3: 0 | E3: 6 | F3: 10
A4: 高容谷地电池 | B4: 180 | C4: 0 | D4: 120 | E4: 6 | F4: 70
A5: 精选荞愈胶嚢 | B5: 0 | C5: 0 | D5: 240 | E5: 6 | F5: 70
A6: 精选柑实罐头 | B6: 0 | C6: 0 | D6: 240 | E6: 6 | F6: 70

Sheet 毕业产线
A1: 名称 | B1: 数量 | C1: 源矿 | D1: 紫晶矿 | E1: 蓝铁矿 | F1: 调度券 | G1: 备注 | H1: 已布置
A2: 荞愈胶嚢 | B2: 1 | C2: =VLOOKUP(A2,商品产出!A:B,2,0)*B2 -> 0 | D2: =VLOOKUP(A2,商品产出!A:C,3,0)*B2 -> 60 | E2: =VLOOKUP(A2,商品产出!A:D,4,0)*B2 -> 0 | F2: =VLOOKUP(A2,商品产出!A:E,5,0)*B2*60*VLOOKUP(A2,商品产出!A:F,6,0) -> 3600
A3: 柑实罐头 | B3: 1 | C3: =VLOOKUP(A3,商品产出!A:B,2,0)*B3 -> 0 | D3: =VLOOKUP(A3,商品产出!A:C,3,0)*B3 -> 60 | E3: =VLOOKUP(A3,商品产出!A:D,4,0)*B3 -> 0 | F3: =VLOOKUP(A3,商品产出!A:E,5,0)*B3*60*VLOOKUP(A3,商品产出!A:F,6,0) -> 3600
A4: 高容谷地电池 | B4: 2 | C4: =VLOOKUP(A4,商品产出!A:B,2,0)*B4 -> 360 | D4: =VLOOKUP(A4,商品产出!A:C,3,0)*B4 -> 0 | E4: =VLOOKUP(A4,商品产出!A:D,4,0)*B4 -> 240 | F4: =VLOOKUP(A4,商品产出!A:E,5,0)*B4*60*VLOOKUP(A4,商品产出!A:F,6,0) -> 50400
A5: 高容谷地电池 | B5: 1 | C5: =VLOOKUP(A5,商品产出!A:B,2,0)*B5 -> 180 | D5: =VLOOKUP(A5,商品产出!A:C,3,0)*B5 -> 0 | E5: =VLOOKUP(A5,商品产出!A:D,4,0)*B5 -> 120 | F5: 0 | G5: 6个用来发电
A6: 精选荞愈胶嚢 | B6: 1.5 | C6: =VLOOKUP(A6,商品产出!A:B,2,0)*B6 -> 0 | D6: =VLOOKUP(A6,商品产出!A:C,3,0)*B6 -> 0 | E6: =VLOOKUP(A6,商品产出!A:D,4,0)*B6 -> 360 | F6: =VLOOKUP(A6,商品产出!A:E,5,0)*B6*60*VLOOKUP(A6,商品产出!A:F,6,0) -> 37800
A7: 精选柑实罐头 | B7: 1 | C7: =VLOOKUP(A7,商品产出!A:B,2,0)*B7 -> 0 | D7: =VLOOKUP(A7,商品产出!A:C,3,0)*B7 -> 0 | E7: =VLOOKUP(A7,商品产出!A:D,4,0)*B7 -> 240 | F7: =VLOOKUP(A7,商品产出!A:E,5,0)*B7*60*VLOOKUP(A7,商品产出!A:F,6,0) -> 25200
A8: 剩余产量 | C8: =560-SUM(C2:C7) -> 20 | D8: =240-SUM(D2:D7) -> 120 | E8: =1080-SUM(E2:E7) -> 120 | F8: =ROUND(SUM(F2:F7)-SUM(据点产出!C2:C4),0) -> 1068
C9: 用来做其他产物

Sheet 产物
A1: 物品 | B1: 源矿 | C1: 紫晶矿 | D1: 蓝铁矿 | E1: 植物 | F1: 已制作
A2: 碳块 | B2: 0 | C2: 0 | D2: 0 | E2: 1
A3: 晶体外壳 | B3: 1 | C3: 0 | D3: 0 | E3: 0
A4: 紫金纤维 | B4: 0 | C4: 1 | D4: 0 | E4: 0
A5: 蓝铁块 | B5: 0 | C5: 0 | D5: 1 | E5: 0
A6: 稳定碳块 | B6: 0 | C6: 0 | D6: 0 | E6: 1
A7: 密制晶体 | B7: 1 | C7: 0 | D7: 0 | E7: 1
A8: 高晶纤维 | B8: 0 | C8: 1 | D8: 0 | E8: 1
A9: 钢块 | B9: 0 | C9: 0 | D9: 1 | E9: 0
A10: 炭粉末 | B10: 0 | C10: 0 | D10: 0 | E10: 1
A11: 源石粉末 | B11: 1 | C11: 0 | D11: 0 | E11: 0
A12: 晶体外壳粉末 | B12: 1 | C12: 0 | D12: 0 | E12: 0
A13: 紫晶粉末 | B13: 0 | C13: 1 | D13: 0 | E13: 0
... A37: 高容谷底电池 | B37: 1 | C37: 0 | D37: 1 | E37: 1

Sheet 蓝图
A1: 名称 | B1: 分享码
A2: 谷地-半-紫药 | B2: EF011I9A28eA3Uo634O7
A3: 谷地-断电抢救 | B3: EF014AEu9eou73U5E71A
A4: 谷底-全-蓝药 | B4: EF01o5u1AE0126E1IieO
A5: 谷地-全-紫药 | B5: EF01ao6i437iuA4Ooe5e
A6: 谷地-全-紫电 | B6: EF018OIai29a41A6UI73
A7: 谷地-种植*2 | B7: EF01I436UOa6E9ai5o08
A8: 源石基础产物 | B8: EF018OIai29a415OUI73
A9: 蓝/紫基础产物 | B9: EF013Eo0e4605aU40579
A10: 蓝/紫研磨产物 | B10: EF01I436UOa6E9985o08
A11: 源石研磨产物 | B11: EF01U9eE814EaOO67Oa8
A12: 谷地-碳块扩展 | B12: EF014AEu9eou73i8E71A
A14: 谷地-单行种植 | B14: EF01o5u1AE0126o2IieO

Sheet 说明
A1: 地区名称 | B1: 放置蓝图
A2: 谷地通道 | B2: 谷地-全-紫电
B3: 源石研磨产物
A4: 枢纽区 | B4: 谷地-全-紫电
B5: 谷地-全-紫电
B6: 谷地-断电抢救
B7: 谷地-种植*2
B8: 谷地-种植*2
B9: 谷地-碳块扩展
B10: 谷地-半-紫药
B11: 源石基础产物
B12: 蓝/紫基础产物
B13: 蓝/紫基础产物
B14: 蓝/紫研磨产物
A15: 源石研究园 | B15: 谷地-全-紫药
B16: 谷底-全-蓝药
A17: 供能高地 | B17: 谷地-全-紫药
B18: 谷底-全-蓝药
